intersection_area,source_id_1,source_id_2,record_id_1,record_id_2,union_area,IOU,GroupID_1,GroupID_2
62.61578229244979,https://mrdata.usgs.gov/deposit,https://mrdata.usgs.gov/mrds,NV00136,10246972,62.61578229244979,1.0,https://mrdata.usgs.gov/deposit7,https://mrdata.usgs.gov/mrds2292
263.9985341328843,https://mrdata.usgs.gov/deposit,https://mrdata.usgs.gov/mrds,CO00001,10018657,263.9985341328843,1.0,https://mrdata.usgs.gov/deposit14,https://mrdata.usgs.gov/mrds4147
509.1757473200971,https://mrdata.usgs.gov/mrds,https://mrdata.usgs.gov/deposit,10165908,CO00046,509.1757473200971,1.0,https://mrdata.usgs.gov/deposit45,https://mrdata.usgs.gov/mrds6204
679.3767042265969,https://mrdata.usgs.gov/mrds,https://mrdata.usgs.gov/deposit,10165627,CO00007,679.3767042265969,1.0,https://mrdata.usgs.gov/deposit46,https://mrdata.usgs.gov/mrds528
1394.6341547341776,https://mrdata.usgs.gov/deposit,https://mrdata.usgs.gov/mrds,AZ00002,"10234369,10234839,10008548",1394.6341547341776,1.0,https://mrdata.usgs.gov/deposit75,https://mrdata.usgs.gov/mrds644
2423.346363385054,https://mrdata.usgs.gov/deposit,https://mrdata.usgs.gov/mrds,NV00129,10222331,2423.346363385054,1.0,https://mrdata.usgs.gov/deposit115,https://mrdata.usgs.gov/mrds4445
3682.6392220180173,https://mrdata.usgs.gov/mrds,https://mrdata.usgs.gov/deposit,10141386,CO00037,3682.6392220180173,1.0,https://mrdata.usgs.gov/deposit92,https://mrdata.usgs.gov/mrds4583
3921.1599547895653,https://mrdata.usgs.gov/deposit,https://mrdata.usgs.gov/mrds,CO00042,10190149,3921.1599547895653,1.0,https://mrdata.usgs.gov/deposit60,https://mrdata.usgs.gov/mrds1433
4238.608297601374,https://mrdata.usgs.gov/deposit,https://mrdata.usgs.gov/mrds,CO00027,10287510,4238.608297601374,1.0,https://mrdata.usgs.gov/deposit74,https://mrdata.usgs.gov/mrds6184
4449.512505387999,https://mrdata.usgs.gov/deposit,https://mrdata.usgs.gov/mrds,CA00013,"10109270,10164583",4449.512505387999,1.0,https://mrdata.usgs.gov/deposit122,https://mrdata.usgs.gov/mrds4405
4693.5767920105945,https://mrdata.usgs.gov/deposit,https://mrdata.usgs.gov/mrds,CO00044,10263231,4693.5767920105945,1.0,https://mrdata.usgs.gov/deposit93,https://mrdata.usgs.gov/mrds3108
6571.373272243965,https://mrdata.usgs.gov/deposit,https://mrdata.usgs.gov/mrds,CO00049,10141294,6571.373272243965,1.0,https://mrdata.usgs.gov/deposit86,https://mrdata.usgs.gov/mrds4577
7056.556171511988,https://mrdata.usgs.gov/mrds,https://mrdata.usgs.gov/deposit,"10117253,10035181",CA00044,7056.556171511988,1.0,https://mrdata.usgs.gov/deposit28,https://mrdata.usgs.gov/mrds1086
8191.212483043639,https://mrdata.usgs.gov/deposit,https://mrdata.usgs.gov/mrds,UT00002,"10087229,10251871",8191.212483043639,1.0,https://mrdata.usgs.gov/deposit119,https://mrdata.usgs.gov/mrds1444
9534.694305297025,https://mrdata.usgs.gov/deposit,https://mrdata.usgs.gov/mrds,CO00002,10166179,9534.694305297025,1.0,https://mrdata.usgs.gov/deposit65,https://mrdata.usgs.gov/mrds2711
10540.54107480268,https://doi.org/10.4095/295581,https://mrdata.usgs.gov/mrds,165,"10080346,10303878",10540.54107480268,1.0,https://doi.org/10.4095/295581149,https://mrdata.usgs.gov/mrds4192
13382.435854666626,https://mrdata.usgs.gov/deposit,https://mrdata.usgs.gov/mrds,NV00137,10125491,13382.435854666626,1.0,https://mrdata.usgs.gov/deposit91,https://mrdata.usgs.gov/mrds5912
14382.760163596547,https://mrdata.usgs.gov/deposit,https://mrdata.usgs.gov/mrds,CO00041,10108216,14382.760163596547,1.0,https://mrdata.usgs.gov/deposit16,https://mrdata.usgs.gov/mrds3719
18362.499343057247,https://mrdata.usgs.gov/deposit,https://mrdata.usgs.gov/mrds,CO00046,10008742,18362.499343057247,1.0,https://mrdata.usgs.gov/deposit45,https://mrdata.usgs.gov/mrds6259
19192.39787304145,https://doi.org/10.4095/295581,https://mrdata.usgs.gov/mrds,172,"10279653,10068859",19192.39787304145,1.0,https://doi.org/10.4095/295581171,https://mrdata.usgs.gov/mrds860
21214.88388314039,https://mrdata.usgs.gov/deposit,https://mrdata.usgs.gov/mrds,CO00020,10017402,21214.88388314039,1.0,https://mrdata.usgs.gov/deposit51,https://mrdata.usgs.gov/mrds3876
31372.905892602543,https://mrdata.usgs.gov/deposit,https://mrdata.usgs.gov/mrds,ID00004,"10096411,10192536",31372.905892602543,1.0,https://mrdata.usgs.gov/deposit3,https://mrdata.usgs.gov/mrds868
37279.07882689239,https://mrdata.usgs.gov/deposit,https://mrdata.usgs.gov/mrds,ID00049,10216585,37279.07882689239,1.0,https://mrdata.usgs.gov/deposit84,https://mrdata.usgs.gov/mrds5385
44104.34465976026,https://mrdata.usgs.gov/deposit,https://mrdata.usgs.gov/mrds,NV00123,10149173,44104.34465976026,1.0,https://mrdata.usgs.gov/deposit52,https://mrdata.usgs.gov/mrds2142
46981.15465628034,https://doi.org/10.4095/295581,https://mrdata.usgs.gov/deposit,959,ID00004,46981.15465628034,1.0,https://doi.org/10.4095/295581155,https://mrdata.usgs.gov/deposit3
48110.872169979324,https://mrdata.usgs.gov/mrds,https://mrdata.usgs.gov/deposit,10189824,CA00061,48110.872169979324,1.0,https://mrdata.usgs.gov/deposit95,https://mrdata.usgs.gov/mrds4932
48280.324251796585,https://mrdata.usgs.gov/mrds,https://mrdata.usgs.gov/deposit,10262988,CO00044,48280.324251796585,1.0,https://mrdata.usgs.gov/deposit93,https://mrdata.usgs.gov/mrds3334
49602.33097203201,https://w3id.org/usgs/z/4530692/AJIE6UTW,https://w3id.org/usgs/z/4530692/26EMIR7B,1,1,49602.33097203201,1.0,https://w3id.org/usgs/z/4530692/26EMIR7B0,https://w3id.org/usgs/z/4530692/AJIE6UTW0
51847.46127127939,https://mrdata.usgs.gov/deposit,https://mrdata.usgs.gov/mrds,CO00047,10238263,51847.46127127939,1.0,https://mrdata.usgs.gov/deposit22,https://mrdata.usgs.gov/mrds2868
60397.65307183395,https://mrdata.usgs.gov/deposit,https://mrdata.usgs.gov/mrds,AZ00001,10102536,60397.65307183395,1.0,https://mrdata.usgs.gov/deposit90,https://mrdata.usgs.gov/mrds3392
61603.495475567426,https://mrdata.usgs.gov/mrds,https://mrdata.usgs.gov/deposit,10117339,CO00027,61603.495475567426,1.0,https://mrdata.usgs.gov/deposit74,https://mrdata.usgs.gov/mrds5093
63708.220691188275,https://mrdata.usgs.gov/mrds,https://mrdata.usgs.gov/deposit,10190462,CO00041,63708.220691188275,1.0,https://mrdata.usgs.gov/deposit16,https://mrdata.usgs.gov/mrds1524
69852.26273316267,https://mrdata.usgs.gov/deposit,https://mrdata.usgs.gov/mrds,CO00038,10017274,69852.26273316267,1.0,https://mrdata.usgs.gov/deposit76,https://mrdata.usgs.gov/mrds2674
71319.7319641061,https://doi.org/10.4095/295581,https://w3id.org/usgs/z/4530692/H9RR2X54,221,1,71319.7319641061,1.0,https://doi.org/10.4095/295581122,https://w3id.org/usgs/z/4530692/H9RR2X540
72458.62247574478,https://mrdata.usgs.gov/deposit,https://mrdata.usgs.gov/mrds,NV00141,10149744,72458.62247574478,1.0,https://mrdata.usgs.gov/deposit54,https://mrdata.usgs.gov/mrds4139
73992.30622047387,https://mrdata.usgs.gov/deposit,https://mrdata.usgs.gov/mrds,CA00061,10040727,73992.30622047387,1.0,https://mrdata.usgs.gov/deposit95,https://mrdata.usgs.gov/mrds1036
74093.30355067112,https://mrdata.usgs.gov/mrds,https://mrdata.usgs.gov/deposit,10271719,NV00126,74093.30355067112,1.0,https://mrdata.usgs.gov/deposit64,https://mrdata.usgs.gov/mrds1119
81073.84970036377,https://mrdata.usgs.gov/deposit,https://mrdata.usgs.gov/mrds,CO00039,10238385,81073.84970036377,1.0,https://mrdata.usgs.gov/deposit27,https://mrdata.usgs.gov/mrds4568
85764.8270126971,https://mrdata.usgs.gov/deposit,https://mrdata.usgs.gov/mrds,CO00043,10017400,85764.8270126971,1.0,https://mrdata.usgs.gov/deposit38,https://mrdata.usgs.gov/mrds2214
85788.82785363433,https://doi.org/10.4095/295581,https://mrdata.usgs.gov/mrds,151,10068800,85788.82785363433,1.0,https://doi.org/10.4095/295581191,https://mrdata.usgs.gov/mrds2373
86820.8579537883,https://doi.org/10.4095/295581,https://mrdata.usgs.gov/mrds,157,10279435,86820.8579537883,1.0,https://doi.org/10.4095/295581186,https://mrdata.usgs.gov/mrds2790
89718.06292326162,https://doi.org/10.4095/295581,https://mrdata.usgs.gov/mrds,24,10004196,89718.06292326162,1.0,https://doi.org/10.4095/295581147,https://mrdata.usgs.gov/mrds5479
89938.9623661899,https://mrdata.usgs.gov/deposit,https://mrdata.usgs.gov/mrds,CA00014,10035160,89938.9623661899,1.0,https://mrdata.usgs.gov/deposit106,https://mrdata.usgs.gov/mrds451
93207.0472344211,https://mrdata.usgs.gov/deposit,https://mrdata.usgs.gov/mrds,CO00037,10016006,93207.0472344211,1.0,https://mrdata.usgs.gov/deposit92,https://mrdata.usgs.gov/mrds5268
97162.48254694474,https://mrdata.usgs.gov/deposit,https://mrdata.usgs.gov/mrds,CA00042,10035152,97162.48254694474,1.0,https://mrdata.usgs.gov/deposit0,https://mrdata.usgs.gov/mrds1715
107614.21748676263,https://mrdata.usgs.gov/mrds,https://doi.org/10.4095/295581,10230736,235,107614.21748676263,1.0,https://doi.org/10.4095/29558112,https://mrdata.usgs.gov/mrds5614
109189.92590094783,https://mrdata.usgs.gov/mrds,https://mrdata.usgs.gov/deposit,10014355,NV00136,109189.92590094783,1.0,https://mrdata.usgs.gov/deposit7,https://mrdata.usgs.gov/mrds1882
115400.22337406171,https://mrdata.usgs.gov/deposit,https://mrdata.usgs.gov/mrds,NV00135,10046920,115400.22337406171,1.0,https://mrdata.usgs.gov/deposit118,https://mrdata.usgs.gov/mrds182
117423.92570646032,https://mrdata.usgs.gov/deposit,https://mrdata.usgs.gov/mrds,AK00035,10308841,117423.92570646032,1.0,https://mrdata.usgs.gov/deposit110,https://mrdata.usgs.gov/mrds2817
121483.5948680148,https://mrdata.usgs.gov/mrds,https://mrdata.usgs.gov/deposit,10247209,NV00135,121483.5948680148,1.0,https://mrdata.usgs.gov/deposit118,https://mrdata.usgs.gov/mrds6244
121757.0903979422,https://mrdata.usgs.gov/mrds,https://mrdata.usgs.gov/deposit,10008884,UT00002,121757.0903979422,1.0,https://mrdata.usgs.gov/deposit119,https://mrdata.usgs.gov/mrds2088
126743.00783679837,https://mrdata.usgs.gov/mrds,https://mrdata.usgs.gov/deposit,10197632,NV00134,126743.00783679837,1.0,https://mrdata.usgs.gov/deposit39,https://mrdata.usgs.gov/mrds3519
126842.90767580424,https://mrdata.usgs.gov/deposit,https://mrdata.usgs.gov/mrds,ID00001,10241821,126842.90767580424,1.0,https://mrdata.usgs.gov/deposit24,https://mrdata.usgs.gov/mrds4419
129507.83815476918,https://doi.org/10.4095/295581,https://mrdata.usgs.gov/mrds,231,10024782,129507.83815476918,1.0,https://doi.org/10.4095/29558176,https://mrdata.usgs.gov/mrds4037
130429.85539098746,https://mrdata.usgs.gov/mrds,https://mrdata.usgs.gov/deposit,10117270,CO00049,130429.85539098746,1.0,https://mrdata.usgs.gov/deposit86,https://mrdata.usgs.gov/mrds2392
133025.86842451224,https://doi.org/10.4095/295581,https://mrdata.usgs.gov/mrds,959,10105786,133025.86842451224,1.0,https://doi.org/10.4095/295581155,https://mrdata.usgs.gov/mrds3324
138771.84356396794,https://mrdata.usgs.gov/mrds,https://mrdata.usgs.gov/deposit,10198653,NV00139,138771.84356396794,1.0,https://mrdata.usgs.gov/deposit19,https://mrdata.usgs.gov/mrds5607
138809.28999017505,https://w3id.org/usgs/z/4530692/H9RR2X54,https://mrdata.usgs.gov/mrds,1,"10021624,10232631",138809.28999017505,1.0,https://mrdata.usgs.gov/mrds520,https://w3id.org/usgs/z/4530692/H9RR2X540
140356.65820167493,https://mrdata.usgs.gov/mrds,https://mrdata.usgs.gov/deposit,10222267,NV00120,140356.65820167493,1.0,https://mrdata.usgs.gov/deposit13,https://mrdata.usgs.gov/mrds3993
143076.47075531795,https://mrdata.usgs.gov/deposit,https://mrdata.usgs.gov/mrds,CA00021,10163851,143076.47075531795,1.0,https://mrdata.usgs.gov/deposit116,https://mrdata.usgs.gov/mrds1889
149037.60784058855,https://mrdata.usgs.gov/mrds,https://mrdata.usgs.gov/deposit,10216585,ID00004,149037.60784058855,1.0,https://mrdata.usgs.gov/deposit3,https://mrdata.usgs.gov/mrds5385
151847.90956719528,https://mrdata.usgs.gov/mrds,https://mrdata.usgs.gov/deposit,"10037496,10037497,10037495,10037499,10037500",NV00111,151847.90956719528,1.0,https://mrdata.usgs.gov/deposit117,https://mrdata.usgs.gov/mrds1986
156259.74910368718,https://mrdata.usgs.gov/mrds,https://mrdata.usgs.gov/deposit,10091228,CO00042,156259.74910368718,1.0,https://mrdata.usgs.gov/deposit60,https://mrdata.usgs.gov/mrds3195
159821.26687360447,https://mrdata.usgs.gov/mrds,https://mrdata.usgs.gov/deposit,10134920,CO00039,159821.26687360447,1.0,https://mrdata.usgs.gov/deposit27,https://mrdata.usgs.gov/mrds1462
169174.9571860659,https://mrdata.usgs.gov/mrds,https://doi.org/10.4095/295581,"10214926,10055834",954,169174.9571860659,1.0,https://doi.org/10.4095/295581190,https://mrdata.usgs.gov/mrds401
170411.69887088888,https://doi.org/10.4095/295581,https://mrdata.usgs.gov/mrds,954,10239421,170411.69887088888,1.0,https://doi.org/10.4095/295581190,https://mrdata.usgs.gov/mrds2467
176581.60946027574,https://w3id.org/usgs/z/4530692/PP98WPVS,https://doi.org/10.4095/295581,1,240,176581.60946027574,1.0,https://doi.org/10.4095/295581119,https://w3id.org/usgs/z/4530692/PP98WPVS0
177070.36280555718,https://mrdata.usgs.gov/deposit,https://mrdata.usgs.gov/mrds,CO00007,10108185,177070.36280555718,1.0,https://mrdata.usgs.gov/deposit46,https://mrdata.usgs.gov/mrds4421
181359.73293740602,https://mrdata.usgs.gov/mrds,https://mrdata.usgs.gov/deposit,"10015948,10287827",CO00002,181359.73293740602,1.0,https://mrdata.usgs.gov/deposit65,https://mrdata.usgs.gov/mrds33
192889.23282311097,https://mrdata.usgs.gov/mrds,https://mrdata.usgs.gov/deposit,10017195,CO00040,192889.23282311097,1.0,https://mrdata.usgs.gov/deposit72,https://mrdata.usgs.gov/mrds5843
200557.63777826607,https://mrdata.usgs.gov/deposit,https://mrdata.usgs.gov/mrds,AK00197,10002617,200557.63777826607,1.0,https://mrdata.usgs.gov/deposit37,https://mrdata.usgs.gov/mrds5407
207049.835490538,https://mrdata.usgs.gov/deposit,https://mrdata.usgs.gov/mrds,NV00126,10125541,207049.835490538,1.0,https://mrdata.usgs.gov/deposit64,https://mrdata.usgs.gov/mrds4283
207378.9834796025,https://mrdata.usgs.gov/mrds,https://mrdata.usgs.gov/deposit,"10149190,10045435",NV00138,207378.9834796025,1.0,https://mrdata.usgs.gov/deposit61,https://mrdata.usgs.gov/mrds995
212411.34110792278,https://mrdata.usgs.gov/mrds,https://mrdata.usgs.gov/deposit,10160275,AK00035,212411.34110792278,1.0,https://mrdata.usgs.gov/deposit110,https://mrdata.usgs.gov/mrds4803
214321.34451941753,https://doi.org/10.4095/295581,https://mrdata.usgs.gov/mrds,973,"10232891,10308843,10002830",214321.34451941753,1.0,https://doi.org/10.4095/295581109,https://mrdata.usgs.gov/mrds2750
223514.7553165536,https://mrdata.usgs.gov/deposit,https://mrdata.usgs.gov/mrds,NM00036,10038909,223514.7553165536,1.0,https://mrdata.usgs.gov/deposit113,https://mrdata.usgs.gov/mrds6065
230763.81287185417,https://mrdata.usgs.gov/deposit,https://mrdata.usgs.gov/mrds,CO00045,10108264,230763.81287185417,1.0,https://mrdata.usgs.gov/deposit41,https://mrdata.usgs.gov/mrds2052
238498.35912495284,https://mrdata.usgs.gov/mrds,https://mrdata.usgs.gov/deposit,10216482,CO00001,238498.35912495284,1.0,https://mrdata.usgs.gov/deposit14,https://mrdata.usgs.gov/mrds5891
239545.9685419804,https://mrdata.usgs.gov/mrds,https://mrdata.usgs.gov/deposit,10107653,NV00119,239545.9685419804,1.0,https://mrdata.usgs.gov/deposit114,https://mrdata.usgs.gov/mrds1475
250065.98346541432,https://mrdata.usgs.gov/deposit,https://mrdata.usgs.gov/mrds,NV00110,10135159,250065.98346541432,1.0,https://mrdata.usgs.gov/deposit107,https://mrdata.usgs.gov/mrds5880
257728.31297224923,https://mrdata.usgs.gov/deposit,https://mrdata.usgs.gov/mrds,CA00059,"10035192,10238589",257728.31297224923,1.0,https://mrdata.usgs.gov/deposit121,https://mrdata.usgs.gov/mrds4926
262478.58048913244,https://mrdata.usgs.gov/mrds,https://mrdata.usgs.gov/deposit,10178355,"TX00010,TX00002",262478.58048913244,1.0,https://mrdata.usgs.gov/deposit9,https://mrdata.usgs.gov/mrds1765
264521.89273132186,https://mrdata.usgs.gov/deposit,https://mrdata.usgs.gov/mrds,CA00056,10031547,264521.89273132186,1.0,https://mrdata.usgs.gov/deposit82,https://mrdata.usgs.gov/mrds6002
274301.0905038092,https://mrdata.usgs.gov/deposit,https://mrdata.usgs.gov/mrds,CO00040,10287634,274301.0905038092,1.0,https://mrdata.usgs.gov/deposit72,https://mrdata.usgs.gov/mrds2465
315083.3455371363,https://doi.org/10.4095/295581,https://mrdata.usgs.gov/deposit,973,AK00035,315083.3455371363,1.0,https://doi.org/10.4095/295581109,https://mrdata.usgs.gov/deposit110
329124.5390636803,https://mrdata.usgs.gov/mrds,https://mrdata.usgs.gov/deposit,10310489,NV00124,329124.5390636803,1.0,https://mrdata.usgs.gov/deposit103,https://mrdata.usgs.gov/mrds4386
338166.64991306653,https://mrdata.usgs.gov/mrds,https://mrdata.usgs.gov/deposit,10035154,CA00042,338166.64991306653,1.0,https://mrdata.usgs.gov/deposit0,https://mrdata.usgs.gov/mrds4461
359105.8268219816,https://mrdata.usgs.gov/mrds,https://mrdata.usgs.gov/deposit,10091282,CO00038,359105.8268219816,1.0,https://mrdata.usgs.gov/deposit76,https://mrdata.usgs.gov/mrds2703
360686.4772476177,https://doi.org/10.4095/295581,https://w3id.org/usgs/z/4530692/8UB8ZHKF,235,1,360686.4772476177,1.0,https://doi.org/10.4095/29558112,https://w3id.org/usgs/z/4530692/8UB8ZHKF0
363138.98815077555,https://doi.org/10.4095/295581,https://mrdata.usgs.gov/mrds,966,10037038,363138.98815077555,1.0,https://doi.org/10.4095/29558133,https://mrdata.usgs.gov/mrds3480
370444.40734012745,https://mrdata.usgs.gov/mrds,https://mrdata.usgs.gov/deposit,10198657,NV00141,370444.40734012745,1.0,https://mrdata.usgs.gov/deposit54,https://mrdata.usgs.gov/mrds2824
372209.2148445316,https://mrdata.usgs.gov/mrds,https://doi.org/10.4095/295581,60000423,157,372209.2148445316,1.0,https://doi.org/10.4095/295581186,https://mrdata.usgs.gov/mrds2199
402561.2349083565,https://mrdata.usgs.gov/deposit,https://mrdata.usgs.gov/mrds,NV00131,10055089,402561.2349083565,1.0,https://mrdata.usgs.gov/deposit35,https://mrdata.usgs.gov/mrds536
408784.5378162492,https://mrdata.usgs.gov/mrds,https://mrdata.usgs.gov/deposit,10009984,NM00038,408784.5378162492,1.0,https://mrdata.usgs.gov/deposit109,https://mrdata.usgs.gov/mrds2842
437591.3998290639,https://mrdata.usgs.gov/deposit,https://mrdata.usgs.gov/mrds,NV00120,10107653,437591.3998290639,1.0,https://mrdata.usgs.gov/deposit13,https://mrdata.usgs.gov/mrds1475
450480.9543694934,https://mrdata.usgs.gov/mrds,https://mrdata.usgs.gov/deposit,"10269417,10019526",MT00028,450480.9543694934,1.0,https://mrdata.usgs.gov/deposit94,https://mrdata.usgs.gov/mrds2680
454596.8109363838,https://mrdata.usgs.gov/deposit,https://mrdata.usgs.gov/mrds,NM00038,10094265,454596.8109363838,1.0,https://mrdata.usgs.gov/deposit109,https://mrdata.usgs.gov/mrds4879
467535.65962240996,https://mrdata.usgs.gov/mrds,https://mrdata.usgs.gov/deposit,10091323,CO00047,467535.65962240996,1.0,https://mrdata.usgs.gov/deposit22,https://mrdata.usgs.gov/mrds2268
469187.20404672844,https://doi.org/10.4095/295581,https://mrdata.usgs.gov/mrds,125,"10107374,10207117",469187.20404672844,1.0,https://doi.org/10.4095/295581136,https://mrdata.usgs.gov/mrds5242
476555.35264910734,https://mrdata.usgs.gov/deposit,https://mrdata.usgs.gov/mrds,WA00007,10097222,476555.35264910734,1.0,https://mrdata.usgs.gov/deposit34,https://mrdata.usgs.gov/mrds6110
484594.06200132874,https://mrdata.usgs.gov/deposit,https://mrdata.usgs.gov/mrds,NV00139,10047528,484594.06200132874,1.0,https://mrdata.usgs.gov/deposit19,https://mrdata.usgs.gov/mrds3645
500027.97949149134,https://mrdata.usgs.gov/mrds,https://mrdata.usgs.gov/deposit,10002636,AK00197,500027.97949149134,1.0,https://mrdata.usgs.gov/deposit37,https://mrdata.usgs.gov/mrds4178
501561.57611368847,https://doi.org/10.4095/295581,https://mrdata.usgs.gov/mrds,510,"10092699,10255607",501561.57611368847,1.0,https://doi.org/10.4095/295581159,https://mrdata.usgs.gov/mrds1460
511951.40994061576,https://mrdata.usgs.gov/mrds,https://mrdata.usgs.gov/deposit,10165945,CO00045,511951.40994061576,1.0,https://mrdata.usgs.gov/deposit41,https://mrdata.usgs.gov/mrds3191
516893.58264622977,https://mrdata.usgs.gov/deposit,https://mrdata.usgs.gov/mrds,NV00119,10270988,516893.58264622977,1.0,https://mrdata.usgs.gov/deposit114,https://mrdata.usgs.gov/mrds3943
520238.6171861452,https://mrdata.usgs.gov/mrds,https://doi.org/10.4095/295581,"10021609,10231313",937,520238.6171861452,1.0,https://doi.org/10.4095/29558154,https://mrdata.usgs.gov/mrds29
535364.262200005,https://mrdata.usgs.gov/deposit,https://mrdata.usgs.gov/mrds,NM00025,60000046,535364.262200005,1.0,https://mrdata.usgs.gov/deposit80,https://mrdata.usgs.gov/mrds4635
567066.158607705,https://mrdata.usgs.gov/deposit,https://mrdata.usgs.gov/mrds,NV00111,10271131,567066.158607705,1.0,https://mrdata.usgs.gov/deposit117,https://mrdata.usgs.gov/mrds5832
569463.3437916796,https://mrdata.usgs.gov/mrds,https://mrdata.usgs.gov/deposit,10295848,NM00037,569463.3437916796,1.0,https://mrdata.usgs.gov/deposit96,https://mrdata.usgs.gov/mrds1619
578334.3749055514,https://mrdata.usgs.gov/deposit,https://mrdata.usgs.gov/mrds,NV00124,10045091,578334.3749055514,1.0,https://mrdata.usgs.gov/deposit103,https://mrdata.usgs.gov/mrds496
579326.2485946752,https://w3id.org/usgs/z/4530692/33R38T8G,https://doi.org/10.4095/295581,1,221,579326.2485946752,1.0,https://doi.org/10.4095/295581122,https://w3id.org/usgs/z/4530692/33R38T8G0
607398.771175123,https://mrdata.usgs.gov/deposit,https://mrdata.usgs.gov/mrds,CA00057,10163318,607398.771175123,1.0,https://mrdata.usgs.gov/deposit87,https://mrdata.usgs.gov/mrds699
609055.2845391127,https://mrdata.usgs.gov/mrds,https://mrdata.usgs.gov/deposit,"10008498,10107665,10067194",WA00007,609055.2845391127,1.0,https://mrdata.usgs.gov/deposit34,https://mrdata.usgs.gov/mrds2535
614501.0315872069,https://mrdata.usgs.gov/mrds,https://doi.org/10.4095/295581,"10045334,10149453",966,614501.0315872069,1.0,https://doi.org/10.4095/29558133,https://mrdata.usgs.gov/mrds3079
615736.4560635657,https://doi.org/10.4095/295581,https://mrdata.usgs.gov/mrds,549,"10021637,10232647",615736.4560635657,1.0,https://doi.org/10.4095/295581102,https://mrdata.usgs.gov/mrds1735
621381.7360301648,https://mrdata.usgs.gov/deposit,https://mrdata.usgs.gov/mrds,NM00037,60001677,621381.7360301648,1.0,https://mrdata.usgs.gov/deposit96,https://mrdata.usgs.gov/mrds3509
663115.016213938,https://mrdata.usgs.gov/mrds,https://mrdata.usgs.gov/deposit,10037493,NV00110,663115.016213938,1.0,https://mrdata.usgs.gov/deposit107,https://mrdata.usgs.gov/mrds4272
668746.1322397148,https://mrdata.usgs.gov/mrds,https://mrdata.usgs.gov/deposit,10017407,CO00043,668746.1322397148,1.0,https://mrdata.usgs.gov/deposit38,https://mrdata.usgs.gov/mrds5469
669942.5496719996,https://w3id.org/usgs/z/4530692/8UB8ZHKF,https://mrdata.usgs.gov/mrds,1,10021626,669942.5496719996,1.0,https://mrdata.usgs.gov/mrds5105,https://w3id.org/usgs/z/4530692/8UB8ZHKF0
674678.5229729331,https://mrdata.usgs.gov/deposit,https://mrdata.usgs.gov/mrds,CA00015,10285137,674678.5229729331,1.0,https://mrdata.usgs.gov/deposit32,https://mrdata.usgs.gov/mrds2957
678658.7227793252,https://mrdata.usgs.gov/mrds,https://mrdata.usgs.gov/deposit,10008552,CA00001,678658.7227793252,1.0,https://mrdata.usgs.gov/deposit111,https://mrdata.usgs.gov/mrds1095
681992.6240822873,https://mrdata.usgs.gov/mrds,https://mrdata.usgs.gov/deposit,10008713,CA00015,681992.6240822873,1.0,https://mrdata.usgs.gov/deposit32,https://mrdata.usgs.gov/mrds340
682166.8662710923,https://mrdata.usgs.gov/mrds,https://w3id.org/usgs/z/4530692/33R38T8G,"10021624,10232631",1,682166.8662710923,1.0,https://mrdata.usgs.gov/mrds520,https://w3id.org/usgs/z/4530692/33R38T8G0
725667.8297830122,https://mrdata.usgs.gov/deposit,https://mrdata.usgs.gov/mrds,AK00005,"10308410,10003234",725667.8297830122,1.0,https://mrdata.usgs.gov/deposit63,https://mrdata.usgs.gov/mrds388
776413.729439783,https://mrdata.usgs.gov/mrds,https://mrdata.usgs.gov/deposit,"10044120,10296430",NV00129,776413.729439783,1.0,https://mrdata.usgs.gov/deposit115,https://mrdata.usgs.gov/mrds1690
787337.1768175401,https://mrdata.usgs.gov/mrds,https://mrdata.usgs.gov/deposit,10139059,CA00057,787337.1768175401,1.0,https://mrdata.usgs.gov/deposit87,https://mrdata.usgs.gov/mrds5295
792450.4666512042,https://mrdata.usgs.gov/mrds,https://mrdata.usgs.gov/deposit,10261219,CA00056,792450.4666512042,1.0,https://mrdata.usgs.gov/deposit82,https://mrdata.usgs.gov/mrds3073
822447.3523125391,https://mrdata.usgs.gov/deposit,https://mrdata.usgs.gov/mrds,NV00132,10045085,822447.3523125391,1.0,https://mrdata.usgs.gov/deposit104,https://mrdata.usgs.gov/mrds2107
826638.0150704588,https://doi.org/10.4095/295581,https://mrdata.usgs.gov/mrds,160,10005988,826638.0150704588,1.0,https://doi.org/10.4095/295581115,https://mrdata.usgs.gov/mrds206
832969.9977082774,https://mrdata.usgs.gov/deposit,https://mrdata.usgs.gov/mrds,NV00113,"10173836,10125637",832969.9977082774,1.0,https://mrdata.usgs.gov/deposit48,https://mrdata.usgs.gov/mrds820
919404.1204292635,https://mrdata.usgs.gov/mrds,https://doi.org/10.4095/295581,10305542,160,919404.1204292635,1.0,https://doi.org/10.4095/295581115,https://mrdata.usgs.gov/mrds4420
935678.6059133931,https://mrdata.usgs.gov/mrds,https://mrdata.usgs.gov/deposit,"10308413,10308414",AK00005,935678.6059133931,1.0,https://mrdata.usgs.gov/deposit63,https://mrdata.usgs.gov/mrds2068
939089.994688202,https://doi.org/10.4095/295581,https://mrdata.usgs.gov/mrds,516,10098735,939089.994688202,1.0,https://doi.org/10.4095/295581194,https://mrdata.usgs.gov/mrds162
941525.7948826166,https://mrdata.usgs.gov/deposit,https://mrdata.usgs.gov/mrds,ID00003,"10096316,10071135",941525.7948826166,1.0,https://mrdata.usgs.gov/deposit55,https://mrdata.usgs.gov/mrds3804
945484.832188204,https://mrdata.usgs.gov/mrds,https://mrdata.usgs.gov/deposit,10281404,CA00021,945484.832188204,1.0,https://mrdata.usgs.gov/deposit116,https://mrdata.usgs.gov/mrds3040
962857.7383415616,https://doi.org/10.4095/295581,https://mrdata.usgs.gov/mrds,169,10111500,962857.7383415616,1.0,https://doi.org/10.4095/295581183,https://mrdata.usgs.gov/mrds4705
987122.3185517879,https://mrdata.usgs.gov/deposit,https://mrdata.usgs.gov/mrds,MT00027,10244639,987122.3185517879,1.0,https://mrdata.usgs.gov/deposit36,https://mrdata.usgs.gov/mrds3151
1024993.9732538619,https://mrdata.usgs.gov/mrds,https://doi.org/10.4095/295581,10115273,956,1024993.9732538619,1.0,https://doi.org/10.4095/2955813,https://mrdata.usgs.gov/mrds3836
1043102.0848768814,https://mrdata.usgs.gov/mrds,https://doi.org/10.4095/295581,10024785,240,1043102.0848768814,1.0,https://doi.org/10.4095/295581119,https://mrdata.usgs.gov/mrds3142
1045802.567674648,https://mrdata.usgs.gov/deposit,https://mrdata.usgs.gov/mrds,AK00183,"10208778,10001807",1045802.567674648,1.0,https://mrdata.usgs.gov/deposit89,https://mrdata.usgs.gov/mrds1056
1065806.103986765,https://mrdata.usgs.gov/mrds,https://mrdata.usgs.gov/deposit,10236629,CA00014,1065806.103986765,1.0,https://mrdata.usgs.gov/deposit106,https://mrdata.usgs.gov/mrds5079
1147932.4600438934,https://mrdata.usgs.gov/deposit,https://doi.org/10.4095/295581,ID00049,959,1147932.4600438934,1.0,https://doi.org/10.4095/295581155,https://mrdata.usgs.gov/deposit84
1154991.0789771758,https://mrdata.usgs.gov/deposit,https://mrdata.usgs.gov/mrds,AK00054,10161108,1154991.0789771758,1.0,https://mrdata.usgs.gov/deposit29,https://mrdata.usgs.gov/mrds4043
1168111.750004377,https://mrdata.usgs.gov/mrds,https://mrdata.usgs.gov/deposit,10216544,ID00003,1168111.750004377,1.0,https://mrdata.usgs.gov/deposit55,https://mrdata.usgs.gov/mrds5476
1182253.1456908744,https://mrdata.usgs.gov/mrds,https://doi.org/10.4095/295581,10207032,578,1182253.1456908744,1.0,https://doi.org/10.4095/29558149,https://mrdata.usgs.gov/mrds766
1289542.8926035133,https://mrdata.usgs.gov/mrds,https://mrdata.usgs.gov/deposit,60000019,CO00020,1289542.8926035133,1.0,https://mrdata.usgs.gov/deposit51,https://mrdata.usgs.gov/mrds216
1346186.3073321236,https://mrdata.usgs.gov/deposit,https://doi.org/10.4095/295581,CA00062,956,1346186.3073321236,1.0,https://doi.org/10.4095/2955813,https://mrdata.usgs.gov/deposit40
1375026.1376852228,https://mrdata.usgs.gov/deposit,https://mrdata.usgs.gov/mrds,AK00202,10309002,1375026.1376852228,1.0,https://mrdata.usgs.gov/deposit70,https://mrdata.usgs.gov/mrds5873
1453386.5858475536,https://doi.org/10.4095/295581,https://mrdata.usgs.gov/deposit,952,MT00027,1453386.5858475536,1.0,https://doi.org/10.4095/295581126,https://mrdata.usgs.gov/deposit36
1457104.1385824177,https://mrdata.usgs.gov/mrds,https://doi.org/10.4095/295581,10071993,959,1457104.1385824177,1.0,https://doi.org/10.4095/295581155,https://mrdata.usgs.gov/mrds4668
1506595.9051474284,https://doi.org/10.4095/295581,https://mrdata.usgs.gov/mrds,952,10269122,1506595.9051474284,1.0,https://doi.org/10.4095/295581126,https://mrdata.usgs.gov/mrds535
1522216.405628086,https://mrdata.usgs.gov/deposit,https://doi.org/10.4095/295581,NV00115,960,1522216.405628086,1.0,https://doi.org/10.4095/295581107,https://mrdata.usgs.gov/deposit108
1542339.825318762,https://mrdata.usgs.gov/deposit,https://mrdata.usgs.gov/mrds,AK00101,10208732,1542339.825318762,1.0,https://mrdata.usgs.gov/deposit78,https://mrdata.usgs.gov/mrds342
1587584.0461966651,https://mrdata.usgs.gov/mrds,https://mrdata.usgs.gov/deposit,10246657,NV00137,1587584.0461966651,1.0,https://mrdata.usgs.gov/deposit91,https://mrdata.usgs.gov/mrds3695
1623102.6851755602,https://mrdata.usgs.gov/mrds,https://mrdata.usgs.gov/deposit,10044259,NV00109,1623102.6851755602,1.0,https://mrdata.usgs.gov/deposit23,https://mrdata.usgs.gov/mrds4215
1626949.9200166995,https://w3id.org/usgs/z/4530692/33R38T8G,https://w3id.org/usgs/z/4530692/H9RR2X54,1,1,1626949.9200166995,1.0,https://w3id.org/usgs/z/4530692/33R38T8G0,https://w3id.org/usgs/z/4530692/H9RR2X540
1671571.9682775068,https://mrdata.usgs.gov/mrds,https://doi.org/10.4095/295581,10024813,384,1671571.9682775068,1.0,https://doi.org/10.4095/295581132,https://mrdata.usgs.gov/mrds815
1684827.651308632,https://doi.org/10.4095/295581,https://mrdata.usgs.gov/mrds,166,10021648,1684827.651308632,1.0,https://doi.org/10.4095/29558159,https://mrdata.usgs.gov/mrds5345
1750916.618354059,https://mrdata.usgs.gov/mrds,https://mrdata.usgs.gov/deposit,10151777,NC00009,1750916.618354059,1.0,https://mrdata.usgs.gov/deposit85,https://mrdata.usgs.gov/mrds6490
1792604.047820874,https://mrdata.usgs.gov/mrds,https://doi.org/10.4095/295581,10182769,156,1792604.047820874,1.0,https://doi.org/10.4095/295581144,https://mrdata.usgs.gov/mrds2427
1863940.3241691948,https://doi.org/10.4095/295581,https://mrdata.usgs.gov/mrds,235,10021626,1863940.3241691948,1.0,https://doi.org/10.4095/29558112,https://mrdata.usgs.gov/mrds5105
1866043.7475130786,https://mrdata.usgs.gov/mrds,https://mrdata.usgs.gov/deposit,10216817,ID00049,1866043.7475130786,1.0,https://mrdata.usgs.gov/deposit84,https://mrdata.usgs.gov/mrds3119
1875729.097892528,https://mrdata.usgs.gov/mrds,https://mrdata.usgs.gov/deposit,10038909,NM00039,1875729.097892528,1.0,https://mrdata.usgs.gov/deposit18,https://mrdata.usgs.gov/mrds6065
1916045.46191847,https://doi.org/10.4095/295581,https://mrdata.usgs.gov/mrds,123,"10080340,10255600",1916045.46191847,1.0,https://doi.org/10.4095/29558125,https://mrdata.usgs.gov/mrds6199
1943073.4051986213,https://mrdata.usgs.gov/mrds,https://mrdata.usgs.gov/deposit,"10045087,10197869",NV00133,1943073.4051986213,1.0,https://mrdata.usgs.gov/deposit100,https://mrdata.usgs.gov/mrds132
1946693.8412098614,https://mrdata.usgs.gov/deposit,https://mrdata.usgs.gov/mrds,NV00133,10149174,1946693.8412098614,1.0,https://mrdata.usgs.gov/deposit100,https://mrdata.usgs.gov/mrds2557
1952357.615412608,https://doi.org/10.4095/295581,https://mrdata.usgs.gov/mrds,805,"10280519,10021615",1952357.615412608,1.0,https://doi.org/10.4095/29558198,https://mrdata.usgs.gov/mrds2158
1996418.0158587282,https://doi.org/10.4095/295581,https://mrdata.usgs.gov/mrds,159,10006455,1996418.0158587282,1.0,https://doi.org/10.4095/29558161,https://mrdata.usgs.gov/mrds5546
2007725.5130548542,https://mrdata.usgs.gov/mrds,https://doi.org/10.4095/295581,10174157,960,2007725.5130548542,1.0,https://doi.org/10.4095/295581107,https://mrdata.usgs.gov/mrds6256
2128709.608392444,https://mrdata.usgs.gov/mrds,https://mrdata.usgs.gov/deposit,10102536,AZ00002,2128709.608392444,1.0,https://mrdata.usgs.gov/deposit75,https://mrdata.usgs.gov/mrds3392
2197719.351850584,https://mrdata.usgs.gov/mrds,https://doi.org/10.4095/295581,"10183820,10048858",518,2197719.351850584,1.0,https://doi.org/10.4095/29558143,https://mrdata.usgs.gov/mrds398
2200251.4095148034,https://mrdata.usgs.gov/mrds,https://doi.org/10.4095/295581,10207040,580,2200251.4095148034,1.0,https://doi.org/10.4095/29558196,https://mrdata.usgs.gov/mrds1125
2215965.3967052214,https://mrdata.usgs.gov/mrds,https://doi.org/10.4095/295581,10106694,787,2215965.3967052214,1.0,https://doi.org/10.4095/29558142,https://mrdata.usgs.gov/mrds3961
2235461.571982536,https://mrdata.usgs.gov/deposit,https://mrdata.usgs.gov/mrds,CA00016,"10101390,10139383",2235461.571982536,1.0,https://mrdata.usgs.gov/deposit62,https://mrdata.usgs.gov/mrds3557
2246594.748952584,https://mrdata.usgs.gov/mrds,https://doi.org/10.4095/295581,10024792,224,2246594.748952584,1.0,https://doi.org/10.4095/295581175,https://mrdata.usgs.gov/mrds5884
2254440.3515650053,https://mrdata.usgs.gov/deposit,https://mrdata.usgs.gov/mrds,AK00034,10002518,2254440.3515650053,1.0,https://mrdata.usgs.gov/deposit49,https://mrdata.usgs.gov/mrds620
2260855.928086565,https://mrdata.usgs.gov/deposit,https://mrdata.usgs.gov/mrds,AK00201,10002107,2260855.928086565,1.0,https://mrdata.usgs.gov/deposit12,https://mrdata.usgs.gov/mrds3703
2298358.4176947717,https://mrdata.usgs.gov/deposit,https://mrdata.usgs.gov/mrds,CO00029,10239421,2298358.4176947717,1.0,https://mrdata.usgs.gov/deposit69,https://mrdata.usgs.gov/mrds2467
2340917.282333507,https://mrdata.usgs.gov/mrds,https://mrdata.usgs.gov/deposit,10309015,AK00183,2340917.282333507,1.0,https://mrdata.usgs.gov/deposit89,https://mrdata.usgs.gov/mrds6386
2375210.667565171,https://mrdata.usgs.gov/mrds,https://doi.org/10.4095/295581,"10085902,10279903",675,2375210.667565171,1.0,https://doi.org/10.4095/295581179,https://mrdata.usgs.gov/mrds1057
2393209.9969161195,https://mrdata.usgs.gov/mrds,https://mrdata.usgs.gov/deposit,10209876,AK00034,2393209.9969161195,1.0,https://mrdata.usgs.gov/deposit49,https://mrdata.usgs.gov/mrds5053
2408262.04725037,https://doi.org/10.4095/295581,https://mrdata.usgs.gov/mrds,26,10056605,2408262.04725037,1.0,https://doi.org/10.4095/29558150,https://mrdata.usgs.gov/mrds6010
2418664.517168213,https://mrdata.usgs.gov/mrds,https://doi.org/10.4095/295581,10244639,952,2418664.517168213,1.0,https://doi.org/10.4095/295581126,https://mrdata.usgs.gov/mrds3151
2428401.169708956,https://mrdata.usgs.gov/mrds,https://doi.org/10.4095/295581,"10107374,10207117",124,2428401.169708956,1.0,https://doi.org/10.4095/295581177,https://mrdata.usgs.gov/mrds5242
2448613.063492187,https://mrdata.usgs.gov/mrds,https://doi.org/10.4095/295581,10055832,467,2448613.063492187,1.0,https://doi.org/10.4095/295581103,https://mrdata.usgs.gov/mrds2336
2451687.5740933605,https://doi.org/10.4095/295581,https://mrdata.usgs.gov/mrds,19,10061424,2451687.5740933605,1.0,https://doi.org/10.4095/29558178,https://mrdata.usgs.gov/mrds4068
2458009.5131291635,https://doi.org/10.4095/295581,https://mrdata.usgs.gov/mrds,467,10208270,2458009.5131291635,1.0,https://doi.org/10.4095/295581103,https://mrdata.usgs.gov/mrds3189
2465973.9917905447,https://mrdata.usgs.gov/mrds,https://mrdata.usgs.gov/deposit,10078685,ID00047,2465973.9917905447,1.0,https://mrdata.usgs.gov/deposit101,https://mrdata.usgs.gov/mrds5365
2472517.7206207085,https://doi.org/10.4095/295581,https://mrdata.usgs.gov/mrds,936,10106697,2472517.7206207085,1.0,https://doi.org/10.4095/295581128,https://mrdata.usgs.gov/mrds6175
2502341.8989867866,https://mrdata.usgs.gov/mrds,https://doi.org/10.4095/295581,10024793,225,2502341.8989867866,1.0,https://doi.org/10.4095/295581120,https://mrdata.usgs.gov/mrds3495
2535046.1575056943,https://mrdata.usgs.gov/mrds,https://doi.org/10.4095/295581,"10230747,10055821",466,2535046.1575056943,1.0,https://doi.org/10.4095/29558177,https://mrdata.usgs.gov/mrds3933
2539249.041450468,https://doi.org/10.4095/295581,https://mrdata.usgs.gov/mrds,766,10021632,2539249.041450468,1.0,https://doi.org/10.4095/29558182,https://mrdata.usgs.gov/mrds4537
2539441.474625504,https://doi.org/10.4095/295581,https://mrdata.usgs.gov/mrds,163,10024780,2539441.474625504,1.0,https://doi.org/10.4095/295581163,https://mrdata.usgs.gov/mrds6416
2553033.2213946455,https://mrdata.usgs.gov/deposit,https://mrdata.usgs.gov/mrds,AK00113,"10308811,10184811,10001469",2553033.2213946455,1.0,https://mrdata.usgs.gov/deposit11,https://mrdata.usgs.gov/mrds4897
2555862.6294776076,https://mrdata.usgs.gov/mrds,https://mrdata.usgs.gov/deposit,10009946,NM00036,2555862.6294776076,1.0,https://mrdata.usgs.gov/deposit113,https://mrdata.usgs.gov/mrds4335
2574265.5382641926,https://mrdata.usgs.gov/mrds,https://doi.org/10.4095/295581,"10055817,10158151",722,2574265.5382641926,1.0,https://doi.org/10.4095/29558138,https://mrdata.usgs.gov/mrds1452
2604892.427498672,https://mrdata.usgs.gov/mrds,https://doi.org/10.4095/295581,"10098742,10279622",510,2604892.427498672,1.0,https://doi.org/10.4095/295581159,https://mrdata.usgs.gov/mrds611
2606968.261645857,https://mrdata.usgs.gov/mrds,https://doi.org/10.4095/295581,60000744,399,2606968.261645857,1.0,https://doi.org/10.4095/29558174,https://mrdata.usgs.gov/mrds5786
2608241.6286257408,https://doi.org/10.4095/295581,https://mrdata.usgs.gov/mrds,579,10055053,2608241.6286257408,1.0,https://doi.org/10.4095/2955816,https://mrdata.usgs.gov/mrds4790
2616294.956192914,https://doi.org/10.4095/295581,https://mrdata.usgs.gov/mrds,398,10024812,2616294.956192914,1.0,https://doi.org/10.4095/29558137,https://mrdata.usgs.gov/mrds4231
2618724.647802869,https://mrdata.usgs.gov/deposit,https://mrdata.usgs.gov/mrds,NV00115,10174157,2618724.647802869,1.0,https://mrdata.usgs.gov/deposit108,https://mrdata.usgs.gov/mrds6256
2620674.4466366344,https://mrdata.usgs.gov/deposit,https://mrdata.usgs.gov/mrds,NV00134,10045083,2620674.4466366344,1.0,https://mrdata.usgs.gov/deposit39,https://mrdata.usgs.gov/mrds452
2622663.573957969,https://mrdata.usgs.gov/mrds,https://doi.org/10.4095/295581,10055815,840,2622663.573957969,1.0,https://doi.org/10.4095/29558199,https://mrdata.usgs.gov/mrds2722
2635504.54958004,https://doi.org/10.4095/295581,https://w3id.org/usgs/z/4530692/26EMIR7B,1013,1,2635504.54958004,1.0,https://doi.org/10.4095/29558158,https://w3id.org/usgs/z/4530692/26EMIR7B0
2647290.678859547,https://mrdata.usgs.gov/deposit,https://mrdata.usgs.gov/mrds,NV00109,10174086,2647290.678859547,1.0,https://mrdata.usgs.gov/deposit23,https://mrdata.usgs.gov/mrds2969
2652451.4608822423,https://mrdata.usgs.gov/mrds,https://mrdata.usgs.gov/deposit,"10001779,10309014,10090686,10136324",AK00123,2652451.4608822423,1.0,https://mrdata.usgs.gov/deposit99,https://mrdata.usgs.gov/mrds1784
2660983.427263531,https://mrdata.usgs.gov/mrds,https://mrdata.usgs.gov/deposit,10310557,NV00114,2660983.427263531,1.0,https://mrdata.usgs.gov/deposit8,https://mrdata.usgs.gov/mrds3391
2662517.4289107886,https://mrdata.usgs.gov/mrds,https://doi.org/10.4095/295581,10024805,602,2662517.4289107886,1.0,https://doi.org/10.4095/295581158,https://mrdata.usgs.gov/mrds1670
2682466.8853570176,https://mrdata.usgs.gov/mrds,https://doi.org/10.4095/295581,"10134997,10024796,10081096",553,2682466.8853570176,1.0,https://doi.org/10.4095/29558127,https://mrdata.usgs.gov/mrds3007
2710382.647473946,https://mrdata.usgs.gov/mrds,https://mrdata.usgs.gov/deposit,10115273,CA00062,2710382.647473946,1.0,https://mrdata.usgs.gov/deposit40,https://mrdata.usgs.gov/mrds3836
2850274.8390261987,https://doi.org/10.4095/295581,https://mrdata.usgs.gov/mrds,782,10024800,2850274.8390261987,1.0,https://doi.org/10.4095/29558188,https://mrdata.usgs.gov/mrds5781
2865825.0723171583,https://mrdata.usgs.gov/deposit,https://mrdata.usgs.gov/mrds,CA00058,"10008572,10263513,10165677",2865825.0723171583,1.0,https://mrdata.usgs.gov/deposit67,https://mrdata.usgs.gov/mrds1157
2875727.176667603,https://mrdata.usgs.gov/mrds,https://doi.org/10.4095/295581,10021666,422,2875727.176667603,1.0,https://doi.org/10.4095/29558172,https://mrdata.usgs.gov/mrds4404
2880810.7349324035,https://doi.org/10.4095/295581,https://mrdata.usgs.gov/mrds,368,10024779,2880810.7349324035,1.0,https://doi.org/10.4095/29558191,https://mrdata.usgs.gov/mrds3429
2881717.0464040088,https://doi.org/10.4095/295581,https://mrdata.usgs.gov/mrds,91,"10207968,60000429",2881717.0464040088,1.0,https://doi.org/10.4095/295581167,https://mrdata.usgs.gov/mrds3039
2888449.8751558037,https://mrdata.usgs.gov/mrds,https://doi.org/10.4095/295581,10230992,291,2888449.8751558037,1.0,https://doi.org/10.4095/295581111,https://mrdata.usgs.gov/mrds3281
2894089.2442915444,https://doi.org/10.4095/295581,https://mrdata.usgs.gov/mrds,233,10024783,2894089.2442915444,1.0,https://doi.org/10.4095/29558195,https://mrdata.usgs.gov/mrds5249
2903414.793832026,https://doi.org/10.4095/295581,https://mrdata.usgs.gov/mrds,314,10134178,2903414.793832026,1.0,https://doi.org/10.4095/295581116,https://mrdata.usgs.gov/mrds2250
2909199.714500868,https://mrdata.usgs.gov/mrds,https://doi.org/10.4095/295581,10024791,380,2909199.714500868,1.0,https://doi.org/10.4095/29558187,https://mrdata.usgs.gov/mrds6223
2922343.3561971546,https://mrdata.usgs.gov/mrds,https://doi.org/10.4095/295581,10024788,357,2922343.3561971546,1.0,https://doi.org/10.4095/29558135,https://mrdata.usgs.gov/mrds798
2924376.052249414,https://mrdata.usgs.gov/mrds,https://mrdata.usgs.gov/deposit,"10209282,10009560",AK00108,2924376.052249414,1.0,https://mrdata.usgs.gov/deposit105,https://mrdata.usgs.gov/mrds5630
2927699.8152820966,https://doi.org/10.4095/295581,https://mrdata.usgs.gov/mrds,842,"10055835,10303828",2927699.8152820966,1.0,https://doi.org/10.4095/295581180,https://mrdata.usgs.gov/mrds1666
2933635.632795867,https://mrdata.usgs.gov/mrds,https://mrdata.usgs.gov/deposit,10212296,CA00016,2933635.632795867,1.0,https://mrdata.usgs.gov/deposit62,https://mrdata.usgs.gov/mrds5517
2982521.4528636946,https://doi.org/10.4095/295581,https://mrdata.usgs.gov/mrds,237,10255025,2982521.4528636946,1.0,https://doi.org/10.4095/295581130,https://mrdata.usgs.gov/mrds5447
2983038.5453742263,https://doi.org/10.4095/295581,https://mrdata.usgs.gov/mrds,221,"10021624,10232631",2983038.5453742263,1.0,https://doi.org/10.4095/295581122,https://mrdata.usgs.gov/mrds520
2983463.5011191876,https://mrdata.usgs.gov/mrds,https://doi.org/10.4095/295581,"10024810,10303357",512,2983463.5011191876,1.0,https://doi.org/10.4095/29558147,https://mrdata.usgs.gov/mrds5972
3001206.2942512995,https://doi.org/10.4095/295581,https://mrdata.usgs.gov/mrds,418,10024811,3001206.2942512995,1.0,https://doi.org/10.4095/295581185,https://mrdata.usgs.gov/mrds3084
3030364.856840806,https://mrdata.usgs.gov/mrds,https://doi.org/10.4095/295581,"10024775,10008577,10261819,10236401",970,3030364.856840806,1.0,https://doi.org/10.4095/295581117,https://mrdata.usgs.gov/mrds1928
3044942.831664034,https://doi.org/10.4095/295581,https://mrdata.usgs.gov/mrds,595,"10133932,10191354,10055807",3044942.831664034,1.0,https://doi.org/10.4095/295581124,https://mrdata.usgs.gov/mrds326
3093287.816256884,https://mrdata.usgs.gov/deposit,https://mrdata.usgs.gov/mrds,MT00028,10008784,3093287.816256884,1.0,https://mrdata.usgs.gov/deposit94,https://mrdata.usgs.gov/mrds529
3120458.348807676,https://mrdata.usgs.gov/mrds,https://doi.org/10.4095/295581,"10056506,10004272",24,3120458.348807676,1.0,https://doi.org/10.4095/295581147,https://mrdata.usgs.gov/mrds3479
3135950.339982712,https://mrdata.usgs.gov/deposit,https://mrdata.usgs.gov/mrds,NV00112,"10173568,10045331,10149300",3135950.339982712,1.0,https://mrdata.usgs.gov/deposit112,https://mrdata.usgs.gov/mrds2805
3136548.490544886,https://mrdata.usgs.gov/deposit,https://mrdata.usgs.gov/mrds,NV00107,"10043948,10295161",3136548.490544886,1.0,https://mrdata.usgs.gov/deposit20,https://mrdata.usgs.gov/mrds1162
3136548.490545785,https://doi.org/10.4095/295581,https://mrdata.usgs.gov/mrds,673,"10279380,10093886,10055820",3136548.490545785,1.0,https://doi.org/10.4095/29558186,https://mrdata.usgs.gov/mrds66
3136548.49054609,https://doi.org/10.4095/295581,https://mrdata.usgs.gov/mrds,406,"10021630,10257219,10231114",3136548.49054609,1.0,https://doi.org/10.4095/29558168,https://mrdata.usgs.gov/mrds3466
3136548.490546194,https://mrdata.usgs.gov/deposit,https://mrdata.usgs.gov/mrds,WA00006,"10056127,10067207,10204272,10008910",3136548.490546194,1.0,https://mrdata.usgs.gov/deposit10,https://mrdata.usgs.gov/mrds790
